_id,gender,age,userId,id,locations
623f137363e5ed01c6d08d61,changing later,11,,,
623f13779b4d381b34fc6fc5,changing later,17,,,
623f1384e16bb0d1f4205d9c,changing later,17,,,
623f138877aca1f6fceddb8c,changing later,19,,,
623f138c7c07c02ec0b67895,changing later,20,,,
623f13931fb22b5d0d8e3f03,changing later,28,,,
623f14017abcf3fecafe1116,changing later,8,,,
623f14017abcf3fecafe1117,changing later,28,,,
,female,13,7675765.0,,
,female,13,,,
,female,13,,,
,female,13,,,
,female,13,,,
,female,15,,,
,female,15,,,
,female,15,,,
,female,15,,,
,female,15,,,
,female,15,,,
767576d5,female,15,,,
767576d5,female,15,,,
767576d6,female,15,,,
767576ad6,123,,,,[]
